お店の名称（屋号）,"出店するカテゴリーを選んでください
※メインとなるカテゴリーをお選びください

※予定出店数に達し次第募集終了させていただくカテゴリーがございます
","【埋まりましたので申し込み不可】
【2026年7月18日（土）】参加希望の場合はチェックをお願いします。

※【出店料】
テント出店：1日出店につき6,000円（最大3m×3m）
キッチンカー（軽）：1日出店につき7,000円（最大5m）
キッチンカー（中型・大型）：1日出店につき8,000円（最大6.5m）

1日出店も可能ですが、応募多数の場合は希望日程の多い出店を優先させていただきますのでご了承ください。","【2026年7月25日（土）】参加希望の場合はチェックをお願いします。

※【出店料】
テント出店：1日出店につき6,000円（最大3m×3m）
キッチンカー（軽）：1日出店につき7,000円（最大5m）
キッチンカー（中型・大型）：1日出店につき8,000円（最大6.5m）

1日出店も可能ですが、応募多数の場合は希望日程の多い出店を優先させていただきますのでご了承ください。","【2026年8月1日（土）】参加希望の場合はチェックをお願いします。

※【出店料】
テント出店：1日出店につき6,000円（最大3m×3m）
キッチンカー（軽）：1日出店につき7,000円（最大5m）
キッチンカー（中型・大型）：1日出店につき8,000円（最大6.5m）

1日出店も可能ですが、応募多数の場合は希望日程の多い出店を優先させていただきますのでご了承ください。","【2026年8月15日（土）】参加希望の場合はチェックをお願いします。

※【出店料】
テント出店：1日出店につき6,000円（最大3m×3m）
キッチンカー（軽）：1日出店につき7,000円（最大5m）
キッチンカー（中型・大型）：1日出店につき8,000円（最大6.5m）

1日出店も可能ですが、応募多数の場合は希望日程の多い出店を優先させていただきますのでご了承ください。","【2026年8月22日（土）】参加希望の場合はチェックをお願いします。

※【出店料】
テント出店：1日出店につき6,000円（最大3m×3m）
キッチンカー（軽）：1日出店につき7,000円（最大5m）
キッチンカー（中型・大型）：1日出店につき8,000円（最大6.5m）

1日出店も可能ですが、応募多数の場合は希望日程の多い出店を優先させていただきますのでご了承ください。","【2026年8月29日（土）】参加希望の場合はチェックをお願いします。

※【出店料】
テント出店：1日出店につき6,000円（最大3m×3m）
キッチンカー（軽）：1日出店につき7,000円（最大5m）
キッチンカー（中型・大型）：1日出店につき8,000円（最大6.5m）

1日出店も可能ですが、応募多数の場合は希望日程の多い出店を優先させていただきますのでご了承ください。",Column 11,"販売される品名またはワークショップの内容

※そのまま宣伝用のチラシや画像に載せますので正確な内容をお願いします
※記載していない商品の販売は禁止となります
例　コーヒー、カフェオレ、マラサダ","インスタグラムのアカウント名
（必ず＠から記載をお願いします）
※インスタグラムが無い方は「利用なし」と記載をお願いします。
例　@baobabcoffee_kurume"
&r,フード,7月18日（土）,7月25日（土）,8月1日（土）,8月15日（土）,8月22日（土）,8月29日（土）,__and_r_,炭火で焼いた串焼き,@__and_r_
久留米焼鳥,フード,7月18日（土）,7月25日（土）,8月1日（土）,8月15日（土）,8月22日（土）,8月29日（土）,yakitori_tsukasa,焼きとり,@yakitori_tsukasa
COzY Terrace,フード,7月18日（土）,7月25日（土）,8月1日（土）,8月15日（土）,8月22日（土）,8月29日（土）,cozy_terrace209,焼き小籠包、チーズボール、トルティーヤドック、フランク,@cozy_terrace209
馳走屋　雲鶏,フード,7月18日（土）,7月25日（土）,8月1日（土）,8月15日（土）,8月22日（土）,8月29日（土）,chisouya_unchou,極の唐揚げ、極のたれ唐揚げ、ばりかわ、ばりえび、ばり手羽,@chisouya_unchou
嫁のからあげ伝説,フード,7月18日（土）,7月25日（土）,8月1日（土）,8月15日（土）,8月22日（土）,8月29日（土）,yomenokaraagedensetsu,からあげ、しゃかしゃかポテト,@yomenokaraagedensetsu
壱岐島トロルキッチン,フード,キャンセル,不参加,8月1日（土）,不参加,8月22日（土）,不参加,trollkitchencar,壱岐牛バーガー　珈琲　ソフトドリンク　アルコール,@trollkitchencar
燻製処　はやし家,フード,7月18日（土）,7月25日（土）,8月1日（土）,不参加,8月22日（土）,8月29日（土）,hayashiya.kun,バインミー、ベトナムコーヒー、オリジナル丼物（薫鶏飯）,@hayashiya.kun
六白筑後店,フード,7月18日（土）,7月25日（土）,8月1日（土）,8月15日（土）,8月22日（土）,8月29日（土）,roppaku_chikugo,ジューシーからあげ、黒豚肉うどん,@roppaku_chikugo
CHIKUGO Ma’s craft,ドリンク,7月18日（土）,7月25日（土）,8月1日（土）,8月15日（土）,8月22日（土）,8月29日（土）,chikugo_mas_craft,クラフトビール、ポップコーン,@chikugo_mas_craft
GrillDining Gaooo,フード,7月18日（土）,7月25日（土）,不参加,8月15日（土）,8月22日（土）,8月29日（土）,grilldining.gaooo,"炭火焼スペアリブ、炭火焼ソーセージ、
ビール、ノンアルコールビール",@grilldining.gaooo
STUDIO KITCHEN ,フード,キャンセル,不参加,不参加,不参加,8月22日（土）,不参加,_studiokitchen_,ホットドッグ、フランクフルト、冷やし果物、スープ、アルコール類、ちびころウィンナー,@_studiokitchen_
やきとり寅さん,フード,7月18日（土）,不参加,8月1日（土）,8月15日（土）,8月22日（土）,8月29日（土）,torasanyakitori,やきとり、焼きとうもろこし、焼きイカなど,@torasanyakitori
くじびきREN,縁日,7月18日（土）,7月25日（土）,不参加,8月15日（土）,8月22日（土）,不参加,lottery.ren,お子さま向けハズレなしおもちゃくじ、ポケカ＆ワンピカードくじ、お面に光り物販売,@lottery.ren
げんき屋グループ,フード,7月18日（土）,不参加,8月1日（土）,8月15日（土）,8月22日（土）,8月29日（土）,ctf.co.ltd,地鶏、やきそば、かき氷,@ctf.co.ltd
海鮮処　辰海,フード,7月18日（土）,不参加,8月1日（土）,不参加,8月22日（土）,不参加,kaisen_tatumi,鮎の炉端焼き,@kaisen_tatumi
慶陽堂（京都利休の生わらび餅）,スイーツ,不参加,不参加,8月1日（土）,8月15日（土）,不参加,8月29日（土）,rikyu_warabimochi_kyusyu,生わらび餅、わらび餅ラテ、小籠包,@rikyu_warabimochi_kyusyu
CLOVER,スイーツ,不参加,7月25日（土）,8月1日（土）,不参加,8月22日（土）,8月29日（土）,foodtruck_clover,米粉チュロス、ビネガードリンク,@foodtruck_clover
てんやわんや,フード,7月18日（土）,7月25日（土）,8月1日（土）,8月15日（土）,8月22日（土）,8月29日（土）,tenyawanya65,カルビ、ドリンク,＠tenyawanya65
キングケバブ,フード,不参加,不参加,不参加,8月15日（土）,不参加,8月29日（土）,king.kebab.fukuoka,ケバブサンド,@king.kebab.fukuoka
sunnys kitchen,スイーツ,7月18日（土）,キャンセル,不参加,不参加,不参加,不参加,sunnys._kitchen,メニュー:米粉シフォン、パニーニ、レモネード、ジンジャエール、コーヒー(アイス・ホット)ソイラテ、ビネガードリンク、ソフトドリンク、かき氷、ワンコシフォン、シフォンラスク,@sunnys._kitchen
居酒屋八蔵（やぐら）,フード,7月18日（土）,7月25日（土）,8月1日（土）,不参加,8月22日（土）,8月29日（土）,yagura.chikugo,鶏の炭火焼　生ビール、ハイボール、レモンサワー、レモネード、クラッシュアイスジュース,@yagura.chikugo
楽園キッチンカー,フード,不参加,不参加,8月1日（土）,不参加,不参加,不参加,rakuen_car,プルドポークサンド、ガーリックシュリンプ、ドリンク、アルコール,@rakuen_car
コットンキャンディSui Sui,スイーツ,不参加,不参加,8月1日（土）,8月15日（土）,8月22日（土）,不参加,cottoncandy_suisui,わたあめ、わたあめソーダ,@cottoncandy_suisui
たぬか縁日,縁日,7月18日（土）,不参加,8月1日（土）,不参加,8月22日（土）,8月29日（土）,tanuponmedaka,射的、スケルトンガラポンくじ,@tanuponmedaka
林檎の木,スイーツ,7月18日（土）,7月25日（土）,8月1日（土）,不参加,不参加,不参加,ringonoki0320,りんご飴,@ringonoki0320
Raym,物販,7月18日（土）,不参加,8月1日（土）,8月15日（土）,不参加,8月29日（土）,raym.shop,"輸入子供雑貨の
文具、キーホルダー、ヘアアクセ など
また、ヨーヨーすくい、くじもやります！",@raym.shop
PICKY,フード,7月18日（土）,7月25日（土）,8月1日（土）,8月15日（土）,不参加,8月29日（土）,picky_truck,ぎゃん丼、ロングポテト、ビネガードリンク、生ビール,@picky_truck
MUNCHA,ドリンク,7月18日（土）,7月25日（土）,8月1日（土）,不参加,不参加,8月29日（土）,munchaitoshima,生タピオカドリンク7種、巨峰ベリーヨーグルトフラッペ,@munchaitoshima
ベジフル倶楽部,縁日,7月18日（土）,7月25日（土）,8月1日（土）,8月15日（土）,8月22日（土）,8月29日（土）,vegefru_club,野菜・フルーツくじ,@vegefru_club
  GOGO KITCHEN,フード,7月18日（土）,7月25日（土）,8月1日（土）,8月15日（土）,8月22日（土）,8月29日（土）,gogo_kitchen_55,かき氷、イカ焼き、ホルモン焼き,＠gogo_kitchen_55
博多まるむすこはく,フード,7月18日（土）,7月25日（土）,8月1日（土）,8月15日（土）,8月22日（土）,8月29日（土）,hakatamarumusukohaku,おむすび各種、唐揚げ各種、ドリンク、ビール,@hakatamarumusukohaku
とりカラ,フード,7月18日（土）,7月25日（土）,8月1日（土）,8月15日（土）,8月22日（土）,8月29日（土）,torikara2511,からあげ・ポテト,@torikara2511
めだ専門店　虹屋,縁日,不参加,不参加,不参加,8月15日（土）,8月22日（土）,不参加,nijiya_medaka_hide,めだか、金魚、鯉、おもちゃ等すくい,@nijiya_medaka_hide
蛸九,フード,7月18日（土）,不参加,8月1日（土）,8月15日（土）,不参加,8月29日（土）,taco_q_itoshima,糸島産たこ焼き,@taco_q_itoshima
居心地酒場　蓮虎,フード,7月18日（土）,7月25日（土）,8月1日（土）,8月15日（土）,8月22日（土）,8月29日（土）,sakaba_rentora,焼きそば、タコス、フランクフルト、スンドゥブチゲ、餃子、ドリンク,@sakaba_rentora
柳川パニーニ,フード,不参加,7月25日（土）,8月1日（土）,8月15日（土）,8月22日（土）,不参加,holydayfukuoka,有明海苔を使ったパニーニサンドやスムージー、フランクフルトが人気です。,@holydayfukuoka
ワビサビ,フード,7月18日（土）,不参加,8月1日（土）,8月15日（土）,不参加,不参加,syukouwabisabi,炭焼ソーセージ、ベーコン、炭焼きチキン、ノンアルビール、炭焼きつくね,@syukouwabisabi
炭焼ぢ鶏香炭,フード,7月18日（土）,7月25日（土）,8月1日（土）,8月15日（土）,8月22日（土）,8月29日（土）,kotan.jidori,"鶏の炭火焼き、アメリカンドック、握り天
アルコール",＠kotan.jidori
糸島フルーツパーラー,ドリンク,キャンセル,7月25日（土）,不参加,不参加,不参加,不参加,itoshima_fruitsparlor,無添加スムージー・クラフトジュース,@itoshima_fruitsparlor
聖屋めだかshop,その他,7月18日（土）,7月25日（土）,8月1日（土）,8月15日（土）,8月22日（土）,8月29日（土）,seiya_medaka.shop,めだか掬い めだか個体販売,@seiya_medaka.shop
ORGANICcafe,フード,追加,不参加,8月1日（土）,追加,不参加,8月29日（土）,Organic_csfe,ソフトクリーム　唐揚げ　トルティーヤ　ポテトフライ,Organic_csfe
imo HARU HARU,スイーツ,7月18日（土）,キャンセル,8月1日（土）,8月15日（土）,8月22日（土）,8月29日（土）,imo.haru_haru,焼き芋、焼き芋シェイク、冷やし芋、焼き芋アイス,＠imo.haru_haru
cocowa(心和),ワークショップ,不参加,不参加,不参加,8月15日（土）,不参加,8月29日（土）,cocowa0215,ゼリー粘土クリームソーダ作り＆デコパーツワークショップ,＠cocowa0215
Miomayumi.Art,ワークショップ,7月18日（土）,7月25日（土）,不参加,不参加,不参加,8月29日（土）,miomayumi_art,うちわ＆猫面ワークショップ、ボディペイント,@miomayumi_art
TOBIKATAYA,フード,不参加,7月25日（土）,8月1日（土）,不参加,不参加,不参加,tobikataya,自家製ソーセージ、豚バラ、ジャークチキン、ビール,@tobikataya
カフェMerci,フード,不参加,不参加,不参加,不参加,不参加,8月29日（土）,cafemerci.1197,キッシュ、イタリアンソーダ,@cafemerci.1197
焼鳥アスカ,フード,7月18日（土）,不参加,不参加,不参加,8月22日（土）,不参加,yakitori_asuka111,焼そば、シャカシャカポテト、かき氷,@yakitori_asuka111
まごころ至誠,フード,7月18日（土）,不参加,不参加,8月15日（土）,不参加,不参加,magokorosisei,焼鳥　肉巻きおにぎり,@magokorosisei
Blowing Deliciousness,フード,不参加,7月25日（土）,不参加,8月15日（土）,不参加,不参加,blowingdeliciousness,ホットドッグ,@blowingdeliciousness
sunnykitchen,フード,7月18日（土）,キャンセル,8月1日（土）,キャンセル,キャンセル,8月29日（土）,sunny_kitchen32,焼き鳥・ロングポテト・アルコール,＠sunny_kitchen32
Tamachans Kitchen,フード,不参加,不参加,8月1日（土）,不参加,不参加,不参加,tamachans_kitchen,パニーニ、ドリンク、焼きとうもろこし、ベーコン串、アサイーボウル、かき氷、ミニパフェ,@tamachans_kitchen
焼肉大将軍,フード,7月18日（土）,7月25日（土）,不参加,不参加,不参加,8月29日（土）,ryo.egami0825,牛タン鉄板焼き、ジャンボ焼き鳥、焼きそば,@ryo.egami0825
Crepe MorE,スイーツ,7月18日（土）,不参加,不参加,8月15日（土）,8月22日（土）,不参加,crepe__more,クレープ・ドリンク・フロート,@crepe__more
リアルシューティングゲーム,縁日,7月18日（土）,7月25日（土）,8月1日（土）,8月15日（土）,8月22日（土）,8月29日（土）,hawk.0705,シューティングゲーム 景品(ぬいぐるみやお菓子など),hawk.0705
standing bar  bond,ドリンク,不参加,不参加,不参加,不参加,8月22日（土）,8月29日（土）,standing_bar_bond,"ジントニック・ジンライム　角ハイボール　レモンサワー・ピーチサワー　ソフトドリンク（コーラ・ジンジャーエール・オレンジジュース・アップルジュース・烏龍茶）

ポテト・たこ焼き・フィッシュ&チップス
",@standing_bar_bond
しゃもじカレー,フード,不参加,7月25日（土）,不参加,8月15日（土）,8月22日（土）,不参加,shamojicurry,スパイスカレー,@shamojicurry
coimo,スイーツ,7月18日（土）,不参加,不参加,8月15日（土）,不参加,不参加,coimo_imoppuccino,芋ぺちーの・やきいも・大学芋・焼き芋クリームブリュレ・芋けんぴ・アフォガードシェイク・珈琲・カフェラテ・カプチーノ・チュロス・ソフトドリンク・ふわ雪かき氷,@coimo_imoppuccino
長尾農園,スイーツ,不参加,不参加,8月1日（土）,不参加,8月22日（土）,不参加,nagao_farm_,あまおうスイーツ・コーヒー・お茶,＠nagao_farm_
yurari,縁日,7月18日（土）1ブース,7月25日（土）2ブース,8月1日（土）2ブース,不参加,8月22日（土）1ブースト,8月29日（土）2ブース,medameda524,射的、スーパーボール掬い、ワークショップキーホルダー作り、2ブース希望,@medameda524
いろりの里　山蕗,フード,7月18日（土）,7月25日（土）,不参加,不参加,不参加,8月29日（土）,irorinosatoyamabuki,"地鶏炭火焼き、ニジマス、フランクフルト、マシュマロ、ノンアルコールビール
、ラムネ、グレープフルーツサワー、缶ビール",@irorinosatoyamabuki
ステーキハウス食房小川,フード,キャンセル,キャンセル,キャンセル,不参加,8月22日（土）,8月29日（土）,shokubocom,ステーキ、ステーキ丼、鉄板焼、カレー、生ビール,@shokubocom
果実のアトリエ,ドリンク,7月18日（土）,7月25日（土）,8月1日（土）,8月15日（土）,8月22日（土）,8月29日（土）,strawberry track,イチゴスムージー、トマトジュース、野菜ジュース、イチゴ酒（仮）削りイチゴ,@strawberry track
米粉専門工房FLOUR,ドリンク,不参加,不参加,8月1日（土）,不参加,8月22日（土）,8月29日（土）,flour.chiffon@gmail.com,オーガニックドリンク、無添加惣菜、無農薬米粉の焼き菓子,flour.chiffon@gmail.com
『じゃが丸こ』,フード,7月18日（土）,不参加,8月1日（土）,不参加,8月22日（土）,8月29日（土）,jagamaruko_iimori ,揚げじゃが,@jagamaruko_iimori 
八女ブルワリー,ドリンク,不参加,不参加,8月1日（土）,不参加,8月22日（土）,8月29日（土）,yamebrewery,クラフトビール,@yamebrewery
日田焼きそば　縁,フード,不参加,不参加,不参加,不参加,8月22日（土）,8月29日（土）,hitayakisoba en,日田焼きそば,hitayakisoba en
コットンズ,フード,7月18日（土）,不参加,不参加,不参加,8月22日（土）,不参加,cotton.s2025,シナモンキューブ、コーヒー、フルーツティー,cotton.s2025
オニクロ〜onicro〜,フード,不参加,不参加,8月1日（土）,不参加,不参加,8月29日（土）,onicro.ch,ポークサンドおにぎり、クロワッサンサンド、豚タン焼き、焼き鶏皮ポン酢、あげぱん、ビール、レモンサワー、ソフトドリンク、フルーツサイダー、レモンサイダー,@onicro.ch
mamaの鶏めし,フード,7月18日（土）,7月25日（土）,8月1日（土）,8月15日（土）,8月22日（土）,8月29日（土）,mama_tori.45,"鶏めし　鶏めしドリア　鶏めしおにぎり
シリカ水　アルコール",@mama_tori.45
みやざき農園Lumi Berry,スイーツ,7月18日（土）,不参加,8月1日（土）,不参加,8月22日（土）,不参加,miyazaki_noen,削りイチゴ、イチゴヨーグルトスムージー,@miyazaki_noen
遊びの伝道永松商店,縁日,7月18日（土）,7月25日（土）,8月1日（土）,8月15日（土）,8月22日（土）,8月29日（土）,asobinodenndousi,くじ引き、光り物とお散歩犬販売,@asobinodenndousi
いも日和,スイーツ,7月18日（土）,7月25日（土）,8月1日（土）,8月15日（土）,8月22日（土）,8月29日（土）,ksk54232,サツマイモ芋チップス、ポテトフライ,ksk54232
J'D.TACOHOUSE,フード,7月18日（土）,7月25日（土）,8月1日（土）,8月15日（土）,8月22日（土）,8月29日（土）,taco.house,たこ焼き各種、フランクフルト,@taco.house
and RU-,スイーツ,7月18日（土）,不参加,不参加,不参加,不参加,不参加,andru_kurume,焼菓子（マフィン、クッキー）,@andru_kurume
Mcafe,フード,7月18日（土）,7月25日（土）,8月1日（土）,8月15日（土）,8月22日（土）,8月29日（土）,MCAFE7112,ケバブサンド、ケバブラップ、ドリンク、ラテ,@MCAFE7112
ウキヨショウテン,ドリンク,7月18日（土）,7月25日（土）,8月1日（土）,8月15日（土）,8月22日（土）,8月29日（土）,ukiyo.shouten,レモネード、コーヒー、カフェラテ、レモンサワー、ハイボール、イチゴミルク、かき氷、きゅうり、フルーツ飴、,@ukiyo.shouten
虹工房,その他,不参加,7月25日（土）,不参加,8月15日（土）,不参加,不参加,nizi_koubou ,昆虫くじ、クワガタ、カブトムシ、飼育用品,@nizi_koubou 
Cappadocia  Kitchen,フード,不参加,7月25日（土）,8月1日（土）,8月15日（土）,8月22日（土）,8月29日（土）,cappadociakitchen_fukuoka,ケバブサンド,@cappadociakitchen_fukuoka
たまちゃん農園,スイーツ,不参加,不参加,8月1日（土）,不参加,不参加,不参加,tama15farm,あまおうスイーツ、あまおうのお酒,@tama15farm
オリーブ,フード,7月18日（土）,7月25日（土）,不参加,8月15日（土）,8月22日（土）,8月29日（土）,olivo_okawa,チョリソー、チュロス、ローストチキン、ピザタコス、チキンタコス、チョリタコス、ビーフタコス、フライドポテト、唐揚げ、ラムネ、インカコーラ、お茶、ビール(コロナ、クスケーニャ)、　かき氷,@olivo_okawa
akasha,フード,7月18日（土）,7月25日（土）,8月1日（土）,不参加,8月22日（土）,8月29日（土）,akasha_retreat_salon,無添加カレー、グルテンフリースウィーツ、自家製ドリンク,@akasha_retreat_salon
宮古そばSAIGA,フード,7月18日（土）,7月25日（土）,8月1日（土）,8月15日（土）,8月22日（土）,8月29日（土）,miyakosoba_saiga,沖縄そば、カレー、オリオンビール,@miyakosoba_saiga
キッチンカーSORA,スイーツ,不参加,不参加,8月1日（土）,8月15日（土）,不参加,不参加,kitchencarsora,クレープ、ドリンク,@kitchencarsora
七輪炭火焼肉いのこ,フード,7月18日（土）,不参加,不参加,不参加,不参加,不参加,inoko20230804,ホルモン　焼き鳥　丼,inoko20230804
鉄鍋麻婆豆腐専門店　想一,フード,7月18日（土）,7月25日（土）,8月1日（土）,8月15日（土）,8月22日（土）,8月29日（土）,GTETUNABE.MA_BO_DO_FU.SOICHI,小籠包、シャカシャカポテト、ラムネ、アルコール,GTETUNABE.MA_BO_DO_FU.SOICHI
CHARCOAL BOTTLE,スイーツ,7月18日（土）,7月25日（土）,8月1日（土）,不参加,8月22日（土）,不参加,charcoal_bottle,ドリップコーヒー､コーヒー豆､焼き菓子,charcoal_bottle
mami.ribbon,ワークショップ,7月18日（土）,7月25日（土）,8月1日（土）,不参加,8月22日（土）,不参加,mami.ribbon,LEDライトキャンドル、キャンドルキーホルダー、お名前キーホルダー、お名前ボトル,@mami.ribbon
すし処おこぜ,フード,7月18日（土）,不参加,8月1日（土）,8月15日（土）,8月22日（土）,8月29日（土）,okoze@5646,ゲソ天、タコ唐、大鶏排,okoze@5646
甘味ya-tsu（カンミヤーツ）,スイーツ,7月18日（土）,7月25日（土）,8月1日（土）,不参加,不参加,不参加,kanmi_ya_tsu,あんみつ、冷やしぜんざい、モナカ、,@kanmi_ya_tsu
Lala,スイーツ,不参加,7月25日（土）,8月1日（土）,不参加,8月22日（土）,8月29日（土）,lala_happytoeat,マラサダ、クリームガーリックシュリンプ、シュリンプバーガー、アイスサンドマラサダ、アサイーボウル、フルーツドリンク、コーヒー、ラテ、アルコール,@lala_happytoeat
石窯cafe TIMBERS【角の下ろしやすい場所】,フード,不参加,不参加,8月1日（土）,不参加,8月22日（土）,8月29日（土）,timbers.cafe,石窯ピザ,＠timbers.cafe
川部のからあげ,フード,不参加,7月25日（土）,不参加,8月15日（土）,8月22日（土）,8月29日（土）,kawabe.no.karaage,老舗精肉店が作る中津唐揚げ,@kawabe.no.karaage
kukuluce roasted coffee,ドリンク,7月18日（土）,7月25日（土）,8月1日（土）,8月15日（土）,8月22日（土）,8月29日（土）,kukuluce,コーヒー、バナナシェイク,@kukuluce
YKR,フード,7月18日（土）,不参加,不参加,不参加,8月22日（土）,8月29日（土）,ykr_foodtruck,牛串、焼き鳥,@ykr_foodtruck
ルイと海と、,フード,7月18日（土）,7月25日（土）,不参加,8月15日（土）,8月22日（土）,8月29日（土）,louistoumito2025,ハンバーガー,louistoumito2025
六ツ門ポチャ,フード,不参加,不参加,8月1日（土）,8月15日（土）,8月22日（土）,8月29日（土）,mutumon.potha,ゲバブサンド　ホルモン焼きそば,@mutumon.potha
アイスや　いしばし,スイーツ,7月18日（土）,不参加,8月1日（土）,8月15日（土）,8月22日（土）,8月29日（土）,mago_231201,チョリソー、ローストチキン、ピザタコス、チキンタコス、チョリタコス、ビーフタコス、フライドポテト、唐揚げ、ラムネ、インカコーラ、お茶、ビール(コロナ、クスケーニャ)、かきごおり,mago_231201
やきとり勝ちゃん,フード,7月18日（土）,7月25日（土）,不参加,不参加,不参加,不参加,yakitori_katchan,"赤鶏の炭火焼
大、中、小",@yakitori_katchan
NONOAH COFFEE(ノノア コーヒー),ドリンク,不参加,7月25日（土）,8月1日（土）,8月15日（土）,8月22日（土）,8月29日（土）,nonoah.coffee,ホットコーヒー、アイスコーヒー、カスカラコーラ、コーヒーウイスキー、カスカラコークハイ、ドリップバッグ、コーヒー豆、プレミアムデーツ,@nonoah.coffee
ATELIER TO-YA,縁日,7月18日（土）,不参加,不参加,8月15日（土）,不参加,8月29日（土）,chibilla1,玩具くじ引きと販売(フィギュア、キーホルダー、箱物玩具、小物玩具、トレカ、シール、下敷き等),@chibilla1
カフェ同好会Bao ,縁日,不参加,7月25日（土）,不参加,8月15日（土）,不参加,8月29日（土）,cafedokokai_bao,ヨーヨー釣り、ラムネ、カフェオレ、レモンスカッシュ、リンゴジュース,@cafedokokai_bao
Ristar（ライスター）,フード,7月18日（土）,不参加,不参加,8月15日（土）,8月22日（土）,不参加,ristar.ryoiihoshi,肥後あそび豚焼きそば、唐揚げ（塩、てりマヨソース、油淋鶏、手羽先の素揚げ）お子様セット（焼きそばハーフ、唐揚げ2個、お菓子付き）,＠ristar.ryoiihoshi
chappy,フード,不参加,7月25日（土）,8月1日（土）,8月15日（土）,8月22日（土）,8月29日（土）,chappy5678,佐世保バーガー,＠chappy5678
ELCOLOMBIANO,フード,7月18日（土）,不参加,不参加,不参加,不参加,不参加,EL COLOMBIANO0801,タコス、ジャークチキンライス、チョリソー、マンゴージュース、グァバジュース,EL COLOMBIANO0801
lotus☆shop,物販,不参加,不参加,8月1日（土）,不参加,不参加,不参加,lotus0311,ハンドメイドアクセサリー,@lotus0311